[
  {
    "Street": "100 Broadway",
    "City": "New York",
    "State": "NY",
    "ZipCode": "10001",
    "Country": "US"
  },
  {
    "Street": "200 Main St",
    "City": "Los Angeles",
    "State": "CA",
    "ZipCode": "90001",
    "Country": "US"
  },
  {
    "Street": "300 Lake Shore Dr",
    "City": "Chicago",
    "State": "IL",
    "ZipCode": "60601",
    "Country": "US"
  },
  {
    "Street": "400 Congress Ave",
    "City": "Austin",
    "State": "TX",
    "ZipCode": "73301",
    "Country": "US"
  },
  {
    "Street": "500 Market St",
    "City": "San Francisco",
    "State": "CA",
    "ZipCode": "94101",
    "Country": "US"
  },
  {
    "Street": "600 Peachtree St",
    "City": "Atlanta",
    "State": "GA",
    "ZipCode": "30301",
    "Country": "US"
  },
  {
    "Street": "700 1st Ave",
    "City": "Seattle",
    "State": "WA",
    "ZipCode": "98101",
    "Country": "US"
  },
  {
    "Street": "800 Boylston St",
    "City": "Boston",
    "State": "MA",
    "ZipCode": "02101",
    "Country": "US"
  },
  {
    "Street": "900 S Miami Ave",
    "City": "Miami",
    "State": "FL",
    "ZipCode": "33101",
    "Country": "US"
  },
  {
    "Street": "1000 Blake St",
    "City": "Denver",
    "State": "CO",
    "ZipCode": "80201",
    "Country": "US"
  },
  {
    "Street": "1100 Elm St",
    "City": "Dallas",
    "State": "TX",
    "ZipCode": "75201",
    "Country": "US"
  },
  {
    "Street": "1200 2nd Ave",
    "City": "New York",
    "State": "NY",
    "ZipCode": "10002",
    "Country": "US"
  },
  {
    "Street": "1300 Vine St",
    "City": "Los Angeles",
    "State": "CA",
    "ZipCode": "90002",
    "Country": "US"
  },
  {
    "Street": "1400 Michigan Ave",
    "City": "Chicago",
    "State": "IL",
    "ZipCode": "60602",
    "Country": "US"
  },
  {
    "Street": "1500 6th St",
    "City": "Austin",
    "State": "TX",
    "ZipCode": "73302",
    "Country": "US"
  },
  {
    "Street": "1600 Penn Ave",
    "City": "Washington",
    "State": "DC",
    "ZipCode": "20001",
    "Country": "US"
  },
  {
    "Street": "1700 NW 23rd Ave",
    "City": "Portland",
    "State": "OR",
    "ZipCode": "97201",
    "Country": "US"
  },
  {
    "Street": "1800 Nicollet Mall",
    "City": "Minneapolis",
    "State": "MN",
    "ZipCode": "55401",
    "Country": "US"
  },
  {
    "Street": "1900 Walnut St",
    "City": "Philadelphia",
    "State": "PA",
    "ZipCode": "19101",
    "Country": "US"
  },
  {
    "Street": "2000 E 4th St",
    "City": "Charlotte",
    "State": "NC",
    "ZipCode": "28201",
    "Country": "US"
  },
  {
    "Street": "2100 K St",
    "City": "San Diego",
    "State": "CA",
    "ZipCode": "92101",
    "Country": "US"
  },
  {
    "Street": "2200 Travis St",
    "City": "Houston",
    "State": "TX",
    "ZipCode": "77001",
    "Country": "US"
  },
  {
    "Street": "2300 E Camelback Rd",
    "City": "Phoenix",
    "State": "AZ",
    "ZipCode": "85001",
    "Country": "US"
  },
  {
    "Street": "2400 Hennepin Ave",
    "City": "Minneapolis",
    "State": "MN",
    "ZipCode": "55402",
    "Country": "US"
  },
  {
    "Street": "2500 Liberty Ave",
    "City": "Pittsburgh",
    "State": "PA",
    "ZipCode": "15201",
    "Country": "US"
  },
  {
    "Street": "2600 Las Vegas Blvd",
    "City": "Las Vegas",
    "State": "NV",
    "ZipCode": "89101",
    "Country": "US"
  },
  {
    "Street": "2700 Park Ave",
    "City": "New York",
    "State": "NY",
    "ZipCode": "10003",
    "Country": "US"
  },
  {
    "Street": "2800 Rainier Ave",
    "City": "Seattle",
    "State": "WA",
    "ZipCode": "98102",
    "Country": "US"
  },
  {
    "Street": "2900 Bayshore Blvd",
    "City": "San Francisco",
    "State": "CA",
    "ZipCode": "94102",
    "Country": "US"
  },
  {
    "Street": "3000 Biscayne Blvd",
    "City": "Miami",
    "State": "FL",
    "ZipCode": "33102",
    "Country": "US"
  }
]